alter table history_notification_recipient add column if not exists created_by_user_id uuid;
alter table history_notification_recipient add column if not exists created_at timestamp default CURRENT_TIMESTAMP;

INSERT INTO i18n (id, name, key, i18n_type_id, domain_id) VALUES ('f3fc336a-d1cf-487a-9fb1-3190f66faf20'::uuid, 'History notification manage name'::varchar(255), null::varchar(255), 'permissionName'::varchar, null::uuid) on conflict do nothing;
INSERT INTO i18n (id, name, key, i18n_type_id, domain_id) VALUES ('75a62d27-4d8b-4b63-b9e1-e0a5071f2d95'::uuid, 'History notification create name'::varchar(255), null::varchar(255), 'permissionName'::varchar, null::uuid) on conflict do nothing;
INSERT INTO i18n (id, name, key, i18n_type_id, domain_id) VALUES ('fd9f2e42-da8c-4208-a2ff-9cc10a79050d'::uuid, 'History notification view name'::varchar(255), null::varchar(255), 'permissionName'::varchar, null::uuid) on conflict do nothing;
INSERT INTO i18n (id, name, key, i18n_type_id, domain_id) VALUES ('93efb04f-3ff6-4960-b3c4-a58841ec6c53'::uuid, 'History notification update name'::varchar(255), null::varchar(255), 'permissionName'::varchar, null::uuid) on conflict do nothing;
INSERT INTO i18n (id, name, key, i18n_type_id, domain_id) VALUES ('f0c8b97a-124f-4796-a5ab-82e468283f01'::uuid, 'History notification delete name'::varchar(255), null::varchar(255), 'permissionName'::varchar, null::uuid) on conflict do nothing;

INSERT INTO i18n_translation (i18n_id, locale, translation, usage_counter) VALUES ('f3fc336a-d1cf-487a-9fb1-3190f66faf20'::uuid, 'en'::varchar(2), 'History notification manage'::text, DEFAULT) on conflict do nothing;
INSERT INTO i18n_translation (i18n_id, locale, translation, usage_counter) VALUES ('75a62d27-4d8b-4b63-b9e1-e0a5071f2d95'::uuid, 'en'::varchar(2), 'History notification create'::text, DEFAULT) on conflict do nothing;
INSERT INTO i18n_translation (i18n_id, locale, translation, usage_counter) VALUES ('fd9f2e42-da8c-4208-a2ff-9cc10a79050d'::uuid, 'en'::varchar(2), 'History notification view'::text, DEFAULT) on conflict do nothing;
INSERT INTO i18n_translation (i18n_id, locale, translation, usage_counter) VALUES ('93efb04f-3ff6-4960-b3c4-a58841ec6c53'::uuid, 'en'::varchar(2), 'History notification update'::text, DEFAULT) on conflict do nothing;
INSERT INTO i18n_translation (i18n_id, locale, translation, usage_counter) VALUES ('f0c8b97a-124f-4796-a5ab-82e468283f01'::uuid, 'en'::varchar(2), 'History notification delete'::text, DEFAULT) on conflict do nothing;

INSERT INTO i18n (id, name, key, i18n_type_id, domain_id) VALUES ('3d34c93a-2322-4ec7-a457-016dfcdd8a7b'::uuid, 'History notification manage description'::varchar(255), null::varchar(255), 'permissionDescription'::varchar, null::uuid) on conflict do nothing;
INSERT INTO i18n (id, name, key, i18n_type_id, domain_id) VALUES ('b41b4905-ba1f-4bb9-85b6-c72010f83e89'::uuid, 'History notification create description'::varchar(255), null::varchar(255), 'permissionDescription'::varchar, null::uuid) on conflict do nothing;
INSERT INTO i18n (id, name, key, i18n_type_id, domain_id) VALUES ('719b1636-a44e-4fdc-a197-3b69bef5c8e9'::uuid, 'History notification view description'::varchar(255), null::varchar(255), 'permissionDescription'::varchar, null::uuid) on conflict do nothing;
INSERT INTO i18n (id, name, key, i18n_type_id, domain_id) VALUES ('16f9ac46-722e-46f0-8198-14dbe70b2a37'::uuid, 'History notification update description'::varchar(255), null::varchar(255), 'permissionDescription'::varchar, null::uuid) on conflict do nothing;
INSERT INTO i18n (id, name, key, i18n_type_id, domain_id) VALUES ('707599f7-b249-41d8-8d92-5cb016313ee3'::uuid, 'History notification delete description'::varchar(255), null::varchar(255), 'permissionDescription'::varchar, null::uuid) on conflict do nothing;

INSERT INTO i18n_translation (i18n_id, locale, translation, usage_counter) VALUES ('3d34c93a-2322-4ec7-a457-016dfcdd8a7b'::uuid, 'en'::varchar(2), 'History notification manage'::text, DEFAULT) on conflict do nothing;
INSERT INTO i18n_translation (i18n_id, locale, translation, usage_counter) VALUES ('b41b4905-ba1f-4bb9-85b6-c72010f83e89'::uuid, 'en'::varchar(2), 'History notification create'::text, DEFAULT) on conflict do nothing;
INSERT INTO i18n_translation (i18n_id, locale, translation, usage_counter) VALUES ('719b1636-a44e-4fdc-a197-3b69bef5c8e9'::uuid, 'en'::varchar(2), 'History notification view'::text, DEFAULT) on conflict do nothing;
INSERT INTO i18n_translation (i18n_id, locale, translation, usage_counter) VALUES ('16f9ac46-722e-46f0-8198-14dbe70b2a37'::uuid, 'en'::varchar(2), 'History notification update'::text, DEFAULT) on conflict do nothing;
INSERT INTO i18n_translation (i18n_id, locale, translation, usage_counter) VALUES ('707599f7-b249-41d8-8d92-5cb016313ee3'::uuid, 'en'::varchar(2), 'History notification delete'::text, DEFAULT) on conflict do nothing;

INSERT INTO permission (id, key, permission_group_id, name_i18n_id, description_i18n_id) VALUES ('00000000-0000-0004-0049-000000000001'::uuid, 'HISTORY_NOTIFICATION_MANAGE'::varchar(100), '00000000-0000-0000-0005-000000000001'::uuid, 'f3fc336a-d1cf-487a-9fb1-3190f66faf20'::uuid, '3d34c93a-2322-4ec7-a457-016dfcdd8a7b'::uuid) on conflict do nothing;
INSERT INTO permission (id, key, permission_group_id, name_i18n_id, description_i18n_id) VALUES ('00000000-0000-0004-0049-000000000002'::uuid, 'HISTORY_NOTIFICATION_CREATE'::varchar(100), '00000000-0000-0000-0005-000000000001'::uuid, '75a62d27-4d8b-4b63-b9e1-e0a5071f2d95'::uuid, 'b41b4905-ba1f-4bb9-85b6-c72010f83e89'::uuid) on conflict do nothing;
INSERT INTO permission (id, key, permission_group_id, name_i18n_id, description_i18n_id) VALUES ('00000000-0000-0004-0049-000000000003'::uuid, 'HISTORY_NOTIFICATION_VIEW'::varchar(100), '00000000-0000-0000-0005-000000000001'::uuid, 'fd9f2e42-da8c-4208-a2ff-9cc10a79050d'::uuid, '719b1636-a44e-4fdc-a197-3b69bef5c8e9'::uuid) on conflict do nothing;
INSERT INTO permission (id, key, permission_group_id, name_i18n_id, description_i18n_id) VALUES ('00000000-0000-0004-0049-000000000004'::uuid, 'HISTORY_NOTIFICATION_UPDATE'::varchar(100), '00000000-0000-0000-0005-000000000001'::uuid, '93efb04f-3ff6-4960-b3c4-a58841ec6c53'::uuid, '16f9ac46-722e-46f0-8198-14dbe70b2a37'::uuid) on conflict do nothing;
INSERT INTO permission (id, key, permission_group_id, name_i18n_id, description_i18n_id) VALUES ('00000000-0000-0004-0049-000000000005'::uuid, 'HISTORY_NOTIFICATION_DELETE'::varchar(100), '00000000-0000-0000-0005-000000000001'::uuid, 'f0c8b97a-124f-4796-a5ab-82e468283f01'::uuid, '707599f7-b249-41d8-8d92-5cb016313ee3'::uuid) on conflict do nothing;

INSERT INTO permission_grant_global (id, permission_id, user_group_id, granted_by_user_id, granted_at) VALUES ('00000000-0000-0000-0007-000000000197'::uuid, '00000000-0000-0004-0049-000000000001'::uuid, '00000000-0000-0000-0006-000000000001'::uuid, '00000000-0000-0000-0000-000000000000'::uuid, DEFAULT) on conflict do nothing;
INSERT INTO permission_grant_global (id, permission_id, user_group_id, granted_by_user_id, granted_at) VALUES ('00000000-0000-0000-0007-000000000198'::uuid, '00000000-0000-0004-0049-000000000002'::uuid, '00000000-0000-0000-0006-000000000001'::uuid, '00000000-0000-0000-0000-000000000000'::uuid, DEFAULT) on conflict do nothing;
INSERT INTO permission_grant_global (id, permission_id, user_group_id, granted_by_user_id, granted_at) VALUES ('00000000-0000-0000-0007-000000000199'::uuid, '00000000-0000-0004-0049-000000000003'::uuid, '00000000-0000-0000-0006-000000000001'::uuid, '00000000-0000-0000-0000-000000000000'::uuid, DEFAULT) on conflict do nothing;
INSERT INTO permission_grant_global (id, permission_id, user_group_id, granted_by_user_id, granted_at) VALUES ('00000000-0000-0000-0007-000000000200'::uuid, '00000000-0000-0004-0049-000000000004'::uuid, '00000000-0000-0000-0006-000000000001'::uuid, '00000000-0000-0000-0000-000000000000'::uuid, DEFAULT) on conflict do nothing;
INSERT INTO permission_grant_global (id, permission_id, user_group_id, granted_by_user_id, granted_at) VALUES ('00000000-0000-0000-0007-000000000201'::uuid, '00000000-0000-0004-0049-000000000005'::uuid, '00000000-0000-0000-0006-000000000001'::uuid, '00000000-0000-0000-0000-000000000000'::uuid, DEFAULT) on conflict do nothing;