INSERT INTO public.i18n (id, name, key, i18n_type_id, domain_id) VALUES ('b0ead3c0-2c3a-49ba-a112-680ae6bf54f0'::uuid, 'Projection manage name'::varchar(255), null::varchar(255), 'permissionName'::varchar, null::uuid) on conflict do nothing;
INSERT INTO public.i18n (id, name, key, i18n_type_id, domain_id) VALUES ('3523d49e-0694-4ec7-b769-c143ff28183d'::uuid, 'Projection create name'::varchar(255), null::varchar(255), 'permissionName'::varchar, null::uuid) on conflict do nothing;
INSERT INTO public.i18n (id, name, key, i18n_type_id, domain_id) VALUES ('e893026b-1da0-4064-99ec-0d4a5eab4cbe'::uuid, 'Projection view name'::varchar(255), null::varchar(255), 'permissionName'::varchar, null::uuid) on conflict do nothing;
INSERT INTO public.i18n (id, name, key, i18n_type_id, domain_id) VALUES ('8ed4c833-3752-4856-8b35-8ba97c2211f0'::uuid, 'Projection update name'::varchar(255), null::varchar(255), 'permissionName'::varchar, null::uuid) on conflict do nothing;
INSERT INTO public.i18n (id, name, key, i18n_type_id, domain_id) VALUES ('e8e84763-05cd-44b0-b603-a4e5a54aafcd'::uuid, 'Projection delete name'::varchar(255), null::varchar(255), 'permissionName'::varchar, null::uuid) on conflict do nothing;

INSERT INTO public.i18n_translation (i18n_id, locale, translation, usage_counter) VALUES ('b0ead3c0-2c3a-49ba-a112-680ae6bf54f0'::uuid, 'en'::varchar(2), 'Projection manage'::text, DEFAULT) on conflict do nothing;
INSERT INTO public.i18n_translation (i18n_id, locale, translation, usage_counter) VALUES ('3523d49e-0694-4ec7-b769-c143ff28183d'::uuid, 'en'::varchar(2), 'Projection create'::text, DEFAULT) on conflict do nothing;
INSERT INTO public.i18n_translation (i18n_id, locale, translation, usage_counter) VALUES ('e893026b-1da0-4064-99ec-0d4a5eab4cbe'::uuid, 'en'::varchar(2), 'Projection view'::text, DEFAULT) on conflict do nothing;
INSERT INTO public.i18n_translation (i18n_id, locale, translation, usage_counter) VALUES ('8ed4c833-3752-4856-8b35-8ba97c2211f0'::uuid, 'en'::varchar(2), 'Projection update'::text, DEFAULT) on conflict do nothing;
INSERT INTO public.i18n_translation (i18n_id, locale, translation, usage_counter) VALUES ('e8e84763-05cd-44b0-b603-a4e5a54aafcd'::uuid, 'en'::varchar(2), 'Projection delete'::text, DEFAULT) on conflict do nothing;

INSERT INTO public.i18n (id, name, key, i18n_type_id, domain_id) VALUES ('4241e1ab-54f8-468d-a4f7-bbe3905cb6f2'::uuid, 'Projection manage description'::varchar(255), null::varchar(255), 'permissionDescription'::varchar, null::uuid) on conflict do nothing;
INSERT INTO public.i18n (id, name, key, i18n_type_id, domain_id) VALUES ('d577d9a5-b99a-4610-a86a-4260164677a4'::uuid, 'Projection create description'::varchar(255), null::varchar(255), 'permissionDescription'::varchar, null::uuid) on conflict do nothing;
INSERT INTO public.i18n (id, name, key, i18n_type_id, domain_id) VALUES ('937617e3-57be-4e46-b692-b5241e66e6a8'::uuid, 'Projection view description'::varchar(255), null::varchar(255), 'permissionDescription'::varchar, null::uuid) on conflict do nothing;
INSERT INTO public.i18n (id, name, key, i18n_type_id, domain_id) VALUES ('d35a88b2-20d4-4619-addd-171a18152a03'::uuid, 'Projection update description'::varchar(255), null::varchar(255), 'permissionDescription'::varchar, null::uuid) on conflict do nothing;
INSERT INTO public.i18n (id, name, key, i18n_type_id, domain_id) VALUES ('a8ad7d7d-9075-4f06-9242-e6fb0bc100e6'::uuid, 'Projection delete description'::varchar(255), null::varchar(255), 'permissionDescription'::varchar, null::uuid) on conflict do nothing;

INSERT INTO public.i18n_translation (i18n_id, locale, translation, usage_counter) VALUES ('4241e1ab-54f8-468d-a4f7-bbe3905cb6f2'::uuid, 'en'::varchar(2), 'Projection manage'::text, DEFAULT) on conflict do nothing;
INSERT INTO public.i18n_translation (i18n_id, locale, translation, usage_counter) VALUES ('d577d9a5-b99a-4610-a86a-4260164677a4'::uuid, 'en'::varchar(2), 'Projection create'::text, DEFAULT) on conflict do nothing;
INSERT INTO public.i18n_translation (i18n_id, locale, translation, usage_counter) VALUES ('937617e3-57be-4e46-b692-b5241e66e6a8'::uuid, 'en'::varchar(2), 'Projection view'::text, DEFAULT) on conflict do nothing;
INSERT INTO public.i18n_translation (i18n_id, locale, translation, usage_counter) VALUES ('d35a88b2-20d4-4619-addd-171a18152a03'::uuid, 'en'::varchar(2), 'Projection update'::text, DEFAULT) on conflict do nothing;
INSERT INTO public.i18n_translation (i18n_id, locale, translation, usage_counter) VALUES ('a8ad7d7d-9075-4f06-9242-e6fb0bc100e6'::uuid, 'en'::varchar(2), 'Projection delete'::text, DEFAULT) on conflict do nothing;

INSERT INTO public.permission (id, key, permission_group_id, name_i18n_id, description_i18n_id) VALUES ('00000000-0000-0004-0045-000000000001'::uuid, 'PROJECTION_MANAGE'::varchar(100), '00000000-0000-0000-0005-000000000001'::uuid, 'b0ead3c0-2c3a-49ba-a112-680ae6bf54f0'::uuid, '4241e1ab-54f8-468d-a4f7-bbe3905cb6f2'::uuid) on conflict do nothing;
INSERT INTO public.permission (id, key, permission_group_id, name_i18n_id, description_i18n_id) VALUES ('00000000-0000-0004-0045-000000000002'::uuid, 'PROJECTION_CREATE'::varchar(100), '00000000-0000-0000-0005-000000000001'::uuid, '3523d49e-0694-4ec7-b769-c143ff28183d'::uuid, 'd577d9a5-b99a-4610-a86a-4260164677a4'::uuid) on conflict do nothing;
INSERT INTO public.permission (id, key, permission_group_id, name_i18n_id, description_i18n_id) VALUES ('00000000-0000-0004-0045-000000000003'::uuid, 'PROJECTION_VIEW'::varchar(100), '00000000-0000-0000-0005-000000000001'::uuid, 'e893026b-1da0-4064-99ec-0d4a5eab4cbe'::uuid, '937617e3-57be-4e46-b692-b5241e66e6a8'::uuid) on conflict do nothing;
INSERT INTO public.permission (id, key, permission_group_id, name_i18n_id, description_i18n_id) VALUES ('00000000-0000-0004-0045-000000000004'::uuid, 'PROJECTION_UPDATE'::varchar(100), '00000000-0000-0000-0005-000000000001'::uuid, '8ed4c833-3752-4856-8b35-8ba97c2211f0'::uuid, 'd35a88b2-20d4-4619-addd-171a18152a03'::uuid) on conflict do nothing;
INSERT INTO public.permission (id, key, permission_group_id, name_i18n_id, description_i18n_id) VALUES ('00000000-0000-0004-0045-000000000005'::uuid, 'PROJECTION_DELETE'::varchar(100), '00000000-0000-0000-0005-000000000001'::uuid, 'e8e84763-05cd-44b0-b603-a4e5a54aafcd'::uuid, 'a8ad7d7d-9075-4f06-9242-e6fb0bc100e6'::uuid) on conflict do nothing;

INSERT INTO public.permission_grant_global (id, permission_id, user_group_id, granted_by_user_id, granted_at) VALUES ('00000000-0000-0000-0007-000000000187'::uuid, '00000000-0000-0004-0045-000000000001'::uuid, '00000000-0000-0000-0006-000000000001'::uuid, '00000000-0000-0000-0000-000000000000'::uuid, DEFAULT) on conflict do nothing;
INSERT INTO public.permission_grant_global (id, permission_id, user_group_id, granted_by_user_id, granted_at) VALUES ('00000000-0000-0000-0007-000000000188'::uuid, '00000000-0000-0004-0045-000000000002'::uuid, '00000000-0000-0000-0006-000000000001'::uuid, '00000000-0000-0000-0000-000000000000'::uuid, DEFAULT) on conflict do nothing;
INSERT INTO public.permission_grant_global (id, permission_id, user_group_id, granted_by_user_id, granted_at) VALUES ('00000000-0000-0000-0007-000000000189'::uuid, '00000000-0000-0004-0045-000000000003'::uuid, '00000000-0000-0000-0006-000000000001'::uuid, '00000000-0000-0000-0000-000000000000'::uuid, DEFAULT) on conflict do nothing;
INSERT INTO public.permission_grant_global (id, permission_id, user_group_id, granted_by_user_id, granted_at) VALUES ('00000000-0000-0000-0007-000000000190'::uuid, '00000000-0000-0004-0045-000000000004'::uuid, '00000000-0000-0000-0006-000000000001'::uuid, '00000000-0000-0000-0000-000000000000'::uuid, DEFAULT) on conflict do nothing;
INSERT INTO public.permission_grant_global (id, permission_id, user_group_id, granted_by_user_id, granted_at) VALUES ('00000000-0000-0000-0007-000000000191'::uuid, '00000000-0000-0004-0045-000000000005'::uuid, '00000000-0000-0000-0006-000000000001'::uuid, '00000000-0000-0000-0000-000000000000'::uuid, DEFAULT) on conflict do nothing;

INSERT INTO public.i18n (id, name, key, i18n_type_id, domain_id) VALUES ('0dc092f5-4f29-4b15-a2d0-f870bb9d314d'::uuid, 'Projection exclusion manage name'::varchar(255), null::varchar(255), 'permissionName'::varchar, null::uuid) on conflict do nothing;
INSERT INTO public.i18n (id, name, key, i18n_type_id, domain_id) VALUES ('294532cb-1db4-4252-9162-13066774dbe7'::uuid, 'Projection exclusion create name'::varchar(255), null::varchar(255), 'permissionName'::varchar, null::uuid) on conflict do nothing;
INSERT INTO public.i18n (id, name, key, i18n_type_id, domain_id) VALUES ('7e74a65d-2427-43d8-b1e5-e571d7d52ce6'::uuid, 'Projection exclusion view name'::varchar(255), null::varchar(255), 'permissionName'::varchar, null::uuid) on conflict do nothing;
INSERT INTO public.i18n (id, name, key, i18n_type_id, domain_id) VALUES ('86de1fc8-c310-4714-b12c-660191c68fa2'::uuid, 'Projection exclusion update name'::varchar(255), null::varchar(255), 'permissionName'::varchar, null::uuid) on conflict do nothing;
INSERT INTO public.i18n (id, name, key, i18n_type_id, domain_id) VALUES ('705e1e19-430b-4cef-a408-6274c53bb7a6'::uuid, 'Projection exclusion delete name'::varchar(255), null::varchar(255), 'permissionName'::varchar, null::uuid) on conflict do nothing;

INSERT INTO public.i18n_translation (i18n_id, locale, translation, usage_counter) VALUES ('0dc092f5-4f29-4b15-a2d0-f870bb9d314d'::uuid, 'en'::varchar(2), 'Projection exclusion manage'::text, DEFAULT) on conflict do nothing;
INSERT INTO public.i18n_translation (i18n_id, locale, translation, usage_counter) VALUES ('294532cb-1db4-4252-9162-13066774dbe7'::uuid, 'en'::varchar(2), 'Projection exclusion create'::text, DEFAULT) on conflict do nothing;
INSERT INTO public.i18n_translation (i18n_id, locale, translation, usage_counter) VALUES ('7e74a65d-2427-43d8-b1e5-e571d7d52ce6'::uuid, 'en'::varchar(2), 'Projection exclusion view'::text, DEFAULT) on conflict do nothing;
INSERT INTO public.i18n_translation (i18n_id, locale, translation, usage_counter) VALUES ('86de1fc8-c310-4714-b12c-660191c68fa2'::uuid, 'en'::varchar(2), 'Projection exclusion update'::text, DEFAULT) on conflict do nothing;
INSERT INTO public.i18n_translation (i18n_id, locale, translation, usage_counter) VALUES ('705e1e19-430b-4cef-a408-6274c53bb7a6'::uuid, 'en'::varchar(2), 'Projection exclusion delete'::text, DEFAULT) on conflict do nothing;

INSERT INTO public.i18n (id, name, key, i18n_type_id, domain_id) VALUES ('6f0a3271-1dee-4f3a-9f62-1bc1742bbeba'::uuid, 'Projection exclusion manage description'::varchar(255), null::varchar(255), 'permissionDescription'::varchar, null::uuid) on conflict do nothing;
INSERT INTO public.i18n (id, name, key, i18n_type_id, domain_id) VALUES ('bcf59326-25e3-4327-ad75-c3aca2d00544'::uuid, 'Projection exclusion create description'::varchar(255), null::varchar(255), 'permissionDescription'::varchar, null::uuid) on conflict do nothing;
INSERT INTO public.i18n (id, name, key, i18n_type_id, domain_id) VALUES ('72877b52-781f-4e67-9c6d-74028e6f7c29'::uuid, 'Projection exclusion view description'::varchar(255), null::varchar(255), 'permissionDescription'::varchar, null::uuid) on conflict do nothing;
INSERT INTO public.i18n (id, name, key, i18n_type_id, domain_id) VALUES ('6d885526-b62d-4193-a953-e9cca4ba526d'::uuid, 'Projection exclusion update description'::varchar(255), null::varchar(255), 'permissionDescription'::varchar, null::uuid) on conflict do nothing;
INSERT INTO public.i18n (id, name, key, i18n_type_id, domain_id) VALUES ('d2d8dac8-fc85-4d6d-85aa-d8125297eae1'::uuid, 'Projection exclusion delete description'::varchar(255), null::varchar(255), 'permissionDescription'::varchar, null::uuid) on conflict do nothing;

INSERT INTO public.i18n_translation (i18n_id, locale, translation, usage_counter) VALUES ('6f0a3271-1dee-4f3a-9f62-1bc1742bbeba'::uuid, 'en'::varchar(2), 'Projection exclusion manage'::text, DEFAULT) on conflict do nothing;
INSERT INTO public.i18n_translation (i18n_id, locale, translation, usage_counter) VALUES ('bcf59326-25e3-4327-ad75-c3aca2d00544'::uuid, 'en'::varchar(2), 'Projection exclusion create'::text, DEFAULT) on conflict do nothing;
INSERT INTO public.i18n_translation (i18n_id, locale, translation, usage_counter) VALUES ('72877b52-781f-4e67-9c6d-74028e6f7c29'::uuid, 'en'::varchar(2), 'Projection exclusion view'::text, DEFAULT) on conflict do nothing;
INSERT INTO public.i18n_translation (i18n_id, locale, translation, usage_counter) VALUES ('6d885526-b62d-4193-a953-e9cca4ba526d'::uuid, 'en'::varchar(2), 'Projection exclusion update'::text, DEFAULT) on conflict do nothing;
INSERT INTO public.i18n_translation (i18n_id, locale, translation, usage_counter) VALUES ('d2d8dac8-fc85-4d6d-85aa-d8125297eae1'::uuid, 'en'::varchar(2), 'Projection exclusion delete'::text, DEFAULT) on conflict do nothing;

INSERT INTO public.permission (id, key, permission_group_id, name_i18n_id, description_i18n_id) VALUES ('00000000-0000-0004-0046-000000000001'::uuid, 'PROJECTION_EXCLUSION_MANAGE'::varchar(100), '00000000-0000-0000-0005-000000000001'::uuid, '0dc092f5-4f29-4b15-a2d0-f870bb9d314d'::uuid, '6f0a3271-1dee-4f3a-9f62-1bc1742bbeba'::uuid) on conflict do nothing;
INSERT INTO public.permission (id, key, permission_group_id, name_i18n_id, description_i18n_id) VALUES ('00000000-0000-0004-0046-000000000002'::uuid, 'PROJECTION_EXCLUSION_CREATE'::varchar(100), '00000000-0000-0000-0005-000000000001'::uuid, '294532cb-1db4-4252-9162-13066774dbe7'::uuid, 'bcf59326-25e3-4327-ad75-c3aca2d00544'::uuid) on conflict do nothing;
INSERT INTO public.permission (id, key, permission_group_id, name_i18n_id, description_i18n_id) VALUES ('00000000-0000-0004-0046-000000000003'::uuid, 'PROJECTION_EXCLUSION_VIEW'::varchar(100), '00000000-0000-0000-0005-000000000001'::uuid, '7e74a65d-2427-43d8-b1e5-e571d7d52ce6'::uuid, '72877b52-781f-4e67-9c6d-74028e6f7c29'::uuid) on conflict do nothing;
INSERT INTO public.permission (id, key, permission_group_id, name_i18n_id, description_i18n_id) VALUES ('00000000-0000-0004-0046-000000000004'::uuid, 'PROJECTION_EXCLUSION_UPDATE'::varchar(100), '00000000-0000-0000-0005-000000000001'::uuid, '86de1fc8-c310-4714-b12c-660191c68fa2'::uuid, '6d885526-b62d-4193-a953-e9cca4ba526d'::uuid) on conflict do nothing;
INSERT INTO public.permission (id, key, permission_group_id, name_i18n_id, description_i18n_id) VALUES ('00000000-0000-0004-0046-000000000005'::uuid, 'PROJECTION_EXCLUSION_DELETE'::varchar(100), '00000000-0000-0000-0005-000000000001'::uuid, '705e1e19-430b-4cef-a408-6274c53bb7a6'::uuid, 'd2d8dac8-fc85-4d6d-85aa-d8125297eae1'::uuid) on conflict do nothing;

INSERT INTO public.permission_grant_global (id, permission_id, user_group_id, granted_by_user_id, granted_at) VALUES ('00000000-0000-0000-0007-000000000192'::uuid, '00000000-0000-0004-0046-000000000001'::uuid, '00000000-0000-0000-0006-000000000001'::uuid, '00000000-0000-0000-0000-000000000000'::uuid, DEFAULT) on conflict do nothing;
INSERT INTO public.permission_grant_global (id, permission_id, user_group_id, granted_by_user_id, granted_at) VALUES ('00000000-0000-0000-0007-000000000193'::uuid, '00000000-0000-0004-0046-000000000002'::uuid, '00000000-0000-0000-0006-000000000001'::uuid, '00000000-0000-0000-0000-000000000000'::uuid, DEFAULT) on conflict do nothing;
INSERT INTO public.permission_grant_global (id, permission_id, user_group_id, granted_by_user_id, granted_at) VALUES ('00000000-0000-0000-0007-000000000194'::uuid, '00000000-0000-0004-0046-000000000003'::uuid, '00000000-0000-0000-0006-000000000001'::uuid, '00000000-0000-0000-0000-000000000000'::uuid, DEFAULT) on conflict do nothing;
INSERT INTO public.permission_grant_global (id, permission_id, user_group_id, granted_by_user_id, granted_at) VALUES ('00000000-0000-0000-0007-000000000195'::uuid, '00000000-0000-0004-0046-000000000004'::uuid, '00000000-0000-0000-0006-000000000001'::uuid, '00000000-0000-0000-0000-000000000000'::uuid, DEFAULT) on conflict do nothing;
INSERT INTO public.permission_grant_global (id, permission_id, user_group_id, granted_by_user_id, granted_at) VALUES ('00000000-0000-0000-0007-000000000196'::uuid, '00000000-0000-0004-0046-000000000005'::uuid, '00000000-0000-0000-0006-000000000001'::uuid, '00000000-0000-0000-0000-000000000000'::uuid, DEFAULT) on conflict do nothing;
